description,fraudulent
You ear 500 per day,0
earn 500 per day,0
earn 500 per day,1
earn 500 per day,1
earn 500 per day,1
Earn 500k per month,0
Earn 500k per month,1
Earn 500k per day,0
Earn 500k per day,0
Earn 500k per month,0
Earn 500k per day,0
Earn 500k per day,0
"Food52, a fast-growing, James Beard Award-winning online food community and crowd-sourced and curated recipe hub, is currently interviewing full- and part-time unpaid interns to work in a small team of editors, executives, and developers in its New York City headquarters.Reproducing and/or repackaging existing Food52 content for a number of partner sites, such as Huffington Post, Yahoo, Buzzfeed, and more in their various content management systemsResearching blogs and websites for the Provisions by Food52 Affiliate ProgramAssisting in day-to-day affiliate program support, such as screening affiliates and assisting in any affiliate inquiriesSupporting with PR &amp; Events when neededHelping with office administrative work, such as filing, mailing, and preparing for meetingsWorking with developers to document bugs and suggest improvements to the siteSupporting the marketing and executive staff
",0
earn 500k per day,1
earn 500k per day,0
earn 500k per day,1
